variant,n_scenes,threshold,mean_abs_P80_error_pct,median_abs_P80_error_pct,mean_abs_P80_error_mm,mean_NMI,mean_ARI,mean_noise_fraction,selected_for_transfer
edgeconv,20,0.8599999999999999,15.062275447539074,13.848931776784491,39.27171635239689,0.641823830756129,0.027167885466368884,0.4538039819678345,True
edgeconv_post_split,20,0.8599999999999999,15.062275447539074,13.848931776784491,39.27171635239689,0.641823830756129,0.027167885466368884,0.4538039819678345,False
