method,mean_P80_error_pct,mean_abs_P80_error_pct,median_P80_error_pct,max_abs_P80_error_pct,mean_NMI,mean_ARI,mean_noise_fraction
dgcnn_edgeconv_post_split,-6.643536558573729,9.250102341365016,-8.585851337820104,17.370628727027064,0.245135114183248,-0.0007033638959640412,0.8399142829438329
dgcnn_edgeconv_raw,-0.11237208281646734,11.755120221984917,-5.569410736969827,36.18916684408661,0.24538801569191232,-0.00043659303981377466,0.8399142829438329
multi_scene_dnn_edge_affinity,8.795148630996694,12.887146653036016,2.4400618828245273,64.40337781792564,0.22832145700511436,-0.00118135945156014,0.8484723715259612
surface_geometry_graph_baseline,143.22890008968156,143.22890008968156,125.76625336320637,244.45597091060023,0.5117185400619306,0.03990525399386669,0.38041057011686774
