variant,n_scenes,threshold,mean_abs_P80_error_pct,median_abs_P80_error_pct,mean_abs_P80_error_mm,mean_NMI,mean_ARI,mean_noise_fraction,selected_for_transfer
edgeconv,20,0.77,10.053068219574167,10.115214094985486,26.170673097414898,0.6756643436084525,0.03988035298851107,0.4024543726812631,True
edgeconv_post_split,20,0.77,10.053068219574167,10.115214094985486,26.170673097414898,0.6756643436084525,0.03988035298851107,0.4024543726812631,False
