method,eps_m,min_samples,z_weight,mean_abs_P80_error_pct,median_abs_P80_error_pct,mean_NMI,mean_ARI,mean_noise_fraction,radius_m,max_normal_angle_deg,max_curvature_delta,max_vertical_jump_m,score_threshold,edge_threshold
DBSCAN,0.035,10.0,1.0,22.654302437388367,26.619316012484248,0.5112643834948438,0.010214584883644826,0.5519448428729063,,,,,,
Region growing normals/curvature,,,,465.78651468182505,465.5894690929651,0.13263543870005726,0.004156584858641661,0.06891529002763436,0.045,24.0,0.075,0.07,,
Simple graph threshold,,,,27.232691015454986,24.169270583179518,0.3841975771239968,0.0030271537077294327,0.7105275731780885,,,,,0.88,
MLP edge-affinity,,,,20.723752154083236,22.670722760276455,0.2970962362391561,0.002056338298680819,0.8002107069609125,,,,,,0.8599999999999999
