method,n_scenes,mean_error_pct,mean_abs_P80_error_pct,median_abs_P80_error_pct,max_abs_P80_error_pct,mean_abs_P80_error_mm,mean_NMI,mean_ARI,mean_noise_fraction
EdgeConv,20,3.135677124615058,10.053068219574167,10.115214094985486,34.950687241642136,26.170673097414898,0.6756643436084525,0.03988035298851102,0.4024543726812631
MLP edge-affinity,20,-4.404318019280657,22.42450943816647,19.160435387912905,52.461304746788976,58.26313410006073,0.30881020187599695,0.002477621141881028,0.7906473483076687
DBSCAN,20,-15.358830912861482,22.740619045811687,25.49427674619043,40.47886776384244,59.87907133724907,0.5321450075746854,0.012726603506743678,0.5219563130186566
Simple graph threshold,20,-31.31987598271811,31.56923791024621,33.943160413338774,45.44315124183131,82.52354002869359,0.3971724196766568,0.0031901330904975022,0.6961969696801518
Region growing normals/curvature,20,469.1211442476122,469.1211442476122,459.005648185428,618.8795592161401,1219.463237705913,0.10399046848205254,0.0020231271682616876,0.06255277076306312
